8633,5164214,3,8280,2018,Ocean's 8
8634,6772950,3,8347,2018,Truth or Dare
8635,3892172,3,8421,2018,Leave No Trace
8636,2557478,3,8134,2018,Pacific Rim: Uprising
8637,2873282,3,8145,2018,Red Sparrow
8638,7784604,3,8305,2018,Hereditary
8639,4500922,3,8056,2018,Maze Runner: The Death Cure
8640,1825683,3,8058,2018,Black Panther
8641,7853242,3,8073,2018,Love per square foot
8642,4701724,1,8144,2018,Early Man
8643,2798920,3,8077,2018,Annihilation
8644,2704998,3,8080,2018,Game Night
8645,2548396,3,8082,2018,The Cloverfield Paradox
8646,5164432,1,8142,2018,Love Simon
8647,7158430,3,8091,2018,Hearts Beat Loud
8648,6878820,3,8199,2018,Z-O-M-B-I-E-S
8649,5104604,3,8137,2018,Isle of Dogs
8650,5783956,2,8112,2018,When We First Met
8651,1365519,3,8121,2018,Tomb Raider
8652,1677720,3,8125,2018,Ready Player One
8653,7869818,3,8126,2018,My Little Pony Equestria Girls: Forgotten Friendship
8654,7875464,3,8128,2018,The Heiresses
8655,4986098,2,8151,2018,The Titan
8656,5619332,3,8277,2018,Life of the Party
8657,6644200,1,8157,2018,A Quiet Place
8658,7555774,1,8276,2018,En guerre
8659,4154756,3,8178,2018,Avengers: Infinity War
8660,1289403,3,8179,2018,Guernsey Literary and Potato Peel Pie Society
8661,5688932,1,8324,2018,Sorry to Bother You
8662,3799232,3,8214,2018,The Kissing Booth
8663,7768846,0,8263,2018,Pass Over
8664,5463162,2,8229,2018,Deadpool 2
8665,7156222,0,8319,2018,Au poste!
8666,5095030,3,8318,2018,Ant-Man and the Wasp
8667,5610554,3,8239,2018,Tully
8668,6212478,1,8317,2018,American Animals
8669,3778644,2,8246,2018,Solo: A Star Wars Story
8671,2854926,3,8313,2018,Tag
8672,3606756,3,8290,2018,Incredibles 2
8673,6929642,3,8310,2018,Kaala
8674,5688996,2,8298,2018,Alex Strangelove
8675,5304992,3,8308,2018,Set It Up
8676,4881806,3,8302,2018,Jurassic World: Fallen Kingdom
8677,6911608,3,8337,2018,Mamma Mia! Here We Go Again
8678,4912910,1,8342,2018,Mission Impossible: Fallout
8679,6133466,3,8343,2018,The First Purge
8680,7424200,3,8345,2018,Teen Titans Go! To the Movies
8681,7279188,3,8349,2018,Woman at War
8682,7242142,1,8351,2018,Blindspotting
8683,7014006,3,8359,2018,Eighth Grade
8684,6663582,3,8362,2018,The Spy Who Dumped Me
8685,4575576,2,8364,2018,Christopher Robin
8686,6791096,3,8365,2018,I Feel Pretty
8687,7349662,3,8368,2018,BlacKkKlansman
8688,4779682,3,8369,2018,The Meg
8689,3104988,3,8378,2018,Crazy Rich Asians
8690,4073790,3,8380,2018,The Darkest Mind
8691,2231461,3,8381,2018,Rampage
8692,6892462,2,8382,2018,Le monde est a toi
8693,3458254,1,8383,2018,Patient Zero
8694,3846674,3,8385,2018,To All the Boys I've Loved Before
8695,4244998,0,8386,2018,Alpha
8696,7485508,3,8395,2018,Carmen y Lola
8697,6142496,3,8396,2018,6 Balloons
8698,7282468,0,8397,2018,Burning
8699,8459250,3,8399,2018,Sheherazade
8700,6628102,2,8400,2018,The Wild Pear Tree
8701,5690360,3,8407,2018,Slender Man
8702,3829266,1,8414,2018,Predator
8703,7040874,3,8420,2018,A Simple Favor
8704,7745068,3,8422,2018,My hero academia: Two heroes
8705,365545,3,8423,2018,Nappily Ever Aftet
8706,6921996,1,8424,2018,Johnny English Strikes Again
8707,2119543,1,8425,2018,House with a Clock in Its Walls
8708,6182908,3,8427,2018,Smallfoot
8709,1517451,3,8430,2018,A Star Is Born
8710,1270797,1,8431,2018,Venom
8711,7615302,3,9187,2018,Red Joan
8712,2531344,3,8433,2018,Blockers
8713,3120280,3,8434,2018,Sierra Burgess Is a Loser
8714,8020896,0,8443,2018,An Elephant Sitting Still (Da xiang xi di er zuo)
8715,6217306,3,8444,2018,Apostle
8716,1213641,3,8445,2018,First Man
8717,1502407,3,8452,2018,Halloween
8718,5177088,3,8457,2018,The Girl in the Spider's Web
8719,1620680,3,8459,2018,A Wrinkle in Time
8720,6998518,2,8461,2018,Mandy
8721,1727824,2,8462,2018,Bohemian Rhapsody
8722,1034415,3,8465,2018,Suspiria
8723,7668870,1,8472,2018,Searching
8724,7534068,2,8474,2018,En liberte!
8725,6857166,3,8475,2018,Book Club
8726,7527538,2,8481,2018,Jefe
8727,4633694,1,8523,2018,Spider-Man : Into the Spider-Verse
8728,4123430,2,8484,2018,Fantastic Beasts: The Crimes of Grindelwald
8729,4595882,3,8485,2018,Can You Ever Forgive Me?
8730,4652650,3,8489,2018,Please Stand By
8731,5083738,3,8490,2018,The Favourite
8732,4218572,3,8491,2018,Widows
8733,5848272,3,8492,2018,Ralph Breaks the Internet
8734,5057140,1,8495,2018,Hold the Dark
8735,1477834,3,8522,2018,Aquaman
8737,5580266,3,8498,2018,The Hate U Give
8738,5613484,1,8499,2018,Mid90s
8739,7365604,3,8521,2018,Dog Days
8740,6966692,1,8512,2018,Green Book
8741,4878482,3,8514,2018,Dumplin
8742,5861756,3,8517,2018,Bella Ciao!
8743,6343314,3,8518,2018,Creed II
8744,5085924,3,8520,2018,Wildling
8745,5437928,3,8567,2018,Colette
8746,6155172,3,8571,2018,Roma
8747,1571234,3,8572,2018,Mortal Engines
8748,2328900,3,8573,2018,Mary Queen of Scots
8749,2737304,3,8574,2018,Bird Box
8750,5028340,3,8575,2018,Mary Poppins Returns
8751,6266538,2,8577,2018,Vice
8753,7545566,3,8579,2018,Skate Kitchen
8754,7775622,1,8580,2018,Free Solo
8755,1563742,3,8582,2018,Overboard
8756,4701182,3,8585,2018,Bumblebee
8757,4669788,3,8587,2018,On the Basis of Sex
8758,7125860,3,8588,2018,If Beale Street Could Talk
8759,6543652,3,8590,2018,Cold War
8760,7545524,3,8591,2018,Ben Is Back
8761,8286894,3,8596,2018,Rafiki
8764,3458510,3,8608,2018,Dude
8765,8075192,3,8611,2018,Shoplifters
8766,6776106,3,8612,2018,Andid edlilega (And Breathe Normally)
8768,3385524,3,8618,2018,Stan &amp; Ollie
8769,7959026,2,8626,2018,The Mule
8770,6061074,3,8630,2018,First Match
8771,8361028,3,8631,2018,Cam
8772,3525168,1,8635,2018,Dead in a Week: Or Your Money Back
8774,2368254,1,8651,2018,A private war
8775,5427194,3,8654,2018,The Miracle Season
8776,6205872,3,8656,2018,Assassination Nation
8777,2639336,3,8658,2018,Greta
8779,7401588,3,8661,2018,Instant Family
8780,5960374,3,8662,2018,Vox Lux
8781,6485304,3,8667,2018,Quien te cantara
8782,4532826,1,8671,2018,Robin Hood
8784,6140148,3,8678,2018,Bullitt County
8785,6987770,0,8683,2018,Destination Wedding
8787,7137380,3,8690,2018,Destroyer
8788,8327492,1,8708,2018,Tito e os Passaros
8789,8717590,3,8711,2018,My Little Pony Equestria Girls: Rollercoaster of Friendship
8790,7074886,2,8713,2018,The Front Runner
8791,5117428,3,8714,2018,Wild Rose
8792,7905466,0,8715,2018,They Shall Not Grow Old
8793,7250378,3,8718,2018,Say My Name
8794,5639446,1,8724,2018,Jonathan
8795,8108198,2,8730,2018,Andhadhun
8796,1259528,2,8733,2018,Den of thieves
8797,7689958,3,8734,2018,Jane Fonda in Five Acts
8798,7335184,3,8743,2018,You
8799,7098658,3,8754,2018,Raazi
8800,8900098,3,8757,2018,Deslembro
8802,7237666,3,8780,2018,The Honor List
8803,8287690,0,8785,2018,Genese
8804,6975598,3,8788,2018,Deep Murder
8805,7134690,3,8792,2018,I Like Me
8806,4867110,2,8797,2018,Swiped
8807,7636672,3,8802,2018,Float Like A Butterfly
8808,3208026,1,8803,2018,Black 47
8809,6859352,3,8809,2018,Support the Girls
8810,5314190,0,8822,2018,Sgt. Stubby: An American Hero
8811,7008872,1,8832,2018,Boy Erased
8812,6510332,0,8833,2018,McQueen
8813,6628394,2,8839,2018,Bad Times at the El Royale
8814,2126357,1,8851,2018,Second Act
8815,4477536,1,8858,2018,fifty shade freed
8816,4669296,0,8878,2018,Lords of Chaos
8817,3289724,2,8885,2018,Welcome to Marwen
8818,6781982,3,8890,2018,NIght School
8819,2690226,3,8921,2018,The Chaperone
8820,7464188,3,8931,2018,In Fabric
8821,8633950,3,8938,2018,Les invisibles
8822,7212726,1,8961,2018,Simmba
8823,1308728,3,8977,2018,The Happytime Murders
8824,6678876,3,9011,2018,Meio Irmao
8825,7317324,3,9012,2018,Egg
8826,8331988,3,9019,2018,La camarista
8827,6404896,2,9020,2018,Constantine: City of Demons
8828,3294746,3,9032,2018,The Public
8829,8479120,3,9061,2018,Agapornis
8830,5936578,3,9066,2018,Saints Rest
8833,5001754,3,9111,2018,Braven
8834,5952138,3,9116,2018,We Have Always Lived in the Castle
8835,5322168,3,9117,2018,Snapshots
8836,6204018,0,9125,2018,Ted - For karlekens skull
8837,4357394,3,9127,2018,Tau
8838,6164698,3,9129,2018,Hjartat
8839,7791048,0,9131,2018,Innan vintern kommer
8840,6889032,3,9132,2018,The Cake General
8841,7893992,3,9133,2018,Amatorer
8842,6258766,0,9134,2018,Toppen av ingenting
8843,6708044,3,9137,2018,La tribu
8844,5690810,3,9140,2018,Ophelia
8845,2709692,3,9150,2018,The Grinch
8846,6857988,3,9153,2018,I am Not an Easy Man / Je ne suis pas un homme facile
8847,6927152,1,9163,2018,Rampant
8848,8359848,3,9167,2018,Climax
8849,5980638,3,9235,2018,The Transcendents
8850,7755856,3,9245,2018,Banana Split
8851,6522668,3,9260,2018,Diamantino
8852,8267604,3,9287,2018,Capernaum
8853,7785128,3,9303,2018,Gekijo-ban Non Non Biyori: Vacation
8854,6081670,0,9307,2018,Possum
8855,4003440,1,9308,2018,The House that Jack Built
8856,8954732,3,9357,2018,The Princess Switch
8857,4006302,3,9412,2018,Level 16
8859,7543930,1,9450,2018,In Safe Hands
8860,7241926,3,9447,2018,Tell It to the Bees
8861,5291792,3,9445,2018,Furlough
8862,2069797,1,9478,2018,Delirium
8863,7838252,1,9961,2018,K.G.F: Chapter 1
8864,6466058,3,9503,2018,Ask for Jane
8865,6499752,2,9520,2018,Upgrade
8866,7086706,1,9542,2018,Deep Blue Sea 2
8867,7262882,3,9568,2018,Master Z: The Ip Man Legacy
8868,5397194,0,9630,2018,Anon
8869,6728096,3,9798,2018,The Breaker Upperus
8870,7745956,3,9807,2018,She-Ra and the Princesses of Power
8872,6435258,1,10049,2018,Bethany Hamilton: Unstoppable
8873,7225144,3,9968,2018,Bearkittens
8874,6342316,3,9969,2018,Undertow
8875,7468616,0,9976,2018,The Boat
8876,7073710,3,10032,2018,What Keeps You Alive
8877,6010628,3,10089,2018,Zoe
8878,8179388,0,8749,2019,Rim of the World
8879,2386490,2,8607,2019,How to Train Your Dragon: The Hidden World
8880,9358120,2,8609,2019,We Are Little Zombies
8881,6811018,1,8615,2019,The Kid Who Would be King
8882,4139588,2,8616,2019,Polar
8883,5316540,3,8617,2019,Close
8884,6476140,1,8620,2019,Serenity
8885,6078866,3,8623,2019,Soni
8886,6857112,3,8681,2019,Us
8887,5719748,1,8639,2019,Cold Pursuit
8888,7605074,3,8640,2019,Wandering Earth (Liu Lang Di Qiu)
8889,437086,3,8642,2019,Alita: Battle Angel
8890,3513498,3,8645,2019,Lego Movie 2: The Second Part
8891,9109492,3,8647,2019,American Woman
8892,7458762,0,8655,2019,Le chant du loup
8894,4154664,3,8668,2019,Captain Marvel
8895,6513120,3,8679,2019,Fighting with My Family
8896,8155288,3,8684,2019,Happy Death Day 2U
8897,1488606,1,8687,2019,Triple Frontier
8898,448115,3,8693,2019,Shazam!
8899,2395469,1,8699,2019,Gully Boy
8900,8734872,3,8709,2019,My Little Pony: Equestria Girls: Spring Breakdown
8901,8075260,3,8717,2019,Someone Great
8902,9670282,3,8796,2019,Zoombies 2
8903,4154796,3,8720,2019,Avengers: Endgame
8904,4913966,3,8722,2019,Curse of La Llorona
8905,8858104,2,8725,2019,Guava Island
8906,7315484,3,8727,2019,Silence
8907,5941692,3,8728,2019,Miss Bala
8908,5884052,3,8740,2019,Pokemon Detective Pikachu
8909,1298644,3,8741,2019,Hustle
8910,9024106,3,8742,2019,Unplanned
8911,8169446,3,8744,2019,Wine Country
8912,1489887,3,8747,2019,Booksmart
8913,6139732,3,8750,2019,Aladdin
8914,8323104,3,8753,2019,Nancy Drew and the Hidden Staircase
8915,6146586,1,8755,2019,John Wick: Chapter 3 - Parabellum
8916,7958736,3,8758,2019,Ma
8917,7374948,3,8760,2019,Always Be My Maybe
8918,6565702,3,8761,2019,Dark Phoenix
8919,8201170,2,8763,2019,Perfect Date
8920,6107548,3,8764,2019,Late Night
8921,7752126,2,8765,2019,Brightburn
8922,3741700,3,8766,2019,Godzilla: King of the Monsters
8923,6292852,3,8767,2019,I Am Mother
8924,6751668,3,8768,2019,Gisaengchung
8925,1979376,3,8772,2019,Toy Story 4
8926,8350360,3,8775,2019,Annabelle Comes Home
8927,9075008,3,8777,2019,Effigy &#150;&nbsp;Poison and the City
8928,10324144,1,8778,2019,Article 15
8929,6590856,2,9186,2019,Pause
8930,6320628,1,8781,2019,Spider-Man: Far from Home
8931,8772262,3,8784,2019,Midsommar
8932,7456310,3,8786,2019,Anna
8933,6105098,3,8790,2019,Lion King
8934,8364368,3,8791,2019,Crawl
8935,7131622,3,8804,2019,Once Upon a Time ... In Hollywood
8936,8484012,3,8805,2019,Sword of Trust
8937,8637428,3,8807,2019,Farewell
8938,6806448,2,8808,2019,Fast &amp; Furious Presents: Hobbs &amp; Shaw
8939,4426738,3,8810,2019,Animals
8940,6472976,3,8813,2019,Five Feet Apart
8941,7979492,3,8814,2019,Kim Possible
8942,1478839,2,8815,2019,Art of Racing in the Rain
8943,8022928,3,8816,2019,Descendants 3
8944,837563,3,8824,2019,Pet Sematary
8945,3361792,2,8825,2019,Tolkien
8946,8743064,3,8834,2019,See You Yesterday
8947,8169552,2,8835,2019,Turma da Monica: Lacos
8949,6450804,3,8838,2019,Terminator: Dark Fate
8950,7671064,3,8840,2019,Brittany Runs A Marathon
8951,7547410,3,8841,2019,Dora and the Lost City of Gold
8952,8499102,0,8845,2019,Jawline
8953,10515852,3,8850,2019,Steven Universe: The Movie
8954,7711764,1,8852,2019,Pentagram
8955,9252508,3,8853,2019,Tall Girl
8956,2935510,1,8855,2019,Ad Astra
8957,2762506,1,8857,2019,Bacurau
8958,7798634,3,8861,2019,Ready or Not
8959,4682804,3,8862,2019,Lucy in the Sky
8960,7286456,3,8863,2019,Joker
8961,9239816,3,8864,2019,Canceled
8962,6398184,3,8866,2019,Downton Abbey
8963,3387520,3,8867,2019,Scary Stories to Tell in the Dark
8964,1025100,1,8868,2019,Gemini Man
8965,1950186,0,8869,2019,Ford v Ferrari
8966,5503686,3,8870,2019,Hustlers
8967,4777008,3,8876,2019,Maleficent: Mistress of Evil
8968,5865326,3,8877,2019,Laundromat
8969,7984766,1,8881,2019,King
8970,8613070,3,8882,2019,Portrait of a Lady on Fire
8971,8367814,3,8982,2019,Gentlemen
8972,7634968,1,8884,2019,What Men Want
8973,4126476,3,8886,2019,After
8974,6324278,3,8889,2019,Abominable
8975,4648786,3,8892,2019,Harriet
8976,7653254,2,8893,2019,Marriage Story
8977,7984734,0,8894,2019,Lighthouse
8978,7349950,3,8895,2019,It Chapter 2
8979,8623904,3,8899,2019,Last Christmas
8980,7616148,3,8900,2019,Luce
8981,4729430,1,8901,2019,Klaus
8982,10060094,3,8902,2019,Knight Before Christmas
8983,2584384,3,8903,2019,Jojo Rabbit
8984,6924650,1,8904,2019,Midway
8985,5033998,3,8905,2019,Charlie&#39;s Angels
8986,8946378,3,8907,2019,Knives Out
8987,385887,3,8910,2019,Motherless Brooklyn
8988,3224458,2,8911,2019,A Beautiful Day in the Neighborhood
8989,7311036,3,8912,2019,Clementine
8991,5606664,3,8914,2019,Doctor Sleep
8992,1302006,1,8915,2019,Irishman
8993,4520988,3,8916,2019,Frozen 2
8994,7909970,3,8917,2019,Unbelievable
8995,10199590,0,8918,2019,Les Miserables
8996,1560220,3,8927,2019,Zombieland: Double Tap
8997,10767426,1,8932,2019,Tekst
8998,8510350,3,8934,2019,Satanic Panic
8999,2527338,3,8936,2019,Star Wars: Episode IX - The Rise of Skywalker
9000,8079248,1,8937,2019,Yesterday
9001,7942742,3,8940,2019,Her Smell
9002,5697572,3,8941,2019,Cats
9003,1206885,2,8942,2019,Rambo: Last Blood
9004,7343762,3,8943,2019,Good Boys
9006,6062774,3,8948,2019,Monos
9007,3281548,3,8949,2019,Little Women
9008,6141246,3,8950,2019,Aeronauts
9009,5727208,2,8951,2019,Uncut Gems
9010,8359816,3,8980,2019,Sorry We Missed You
9011,3864056,1,8953,2019,Goldfinch
9012,8404614,1,8956,2019,Two Popes
9013,8579674,0,8962,2019,1917
9014,4916630,2,8979,2019,Just Mercy
9015,9204204,3,8967,2019,Little Joe
9016,7488288,3,8968,2019,Anya
9017,9617456,3,8969,2019,For Sama
9018,2404465,3,8970,2019,Troop Zero
9019,4477292,0,8972,2019,Cosmos
9020,8669356,3,8974,2019,Jeanne
9021,6918220,0,8975,2019,Shiny Shrimps
9022,9632590,3,8976,2019,Une fille facile
9023,4687108,1,8978,2019,In the Tall Grass
9024,9243946,1,8984,2019,El Camino: A Breaking Bad Movie
9025,9426210,3,8988,2019,Weathering with You
9026,7975244,1,8993,2019,Jumanji: The Next Level
9027,10244726,0,8995,2019,O Filme do Bruno Aleixo
9028,8041276,0,9015,2019,Paddleton
9029,1780967,3,9018,2019,Seberg
9030,8855960,3,9023,2019,Straight Up
9031,8707922,3,9027,2019,Can You Keep A Secret?
9032,9806192,0,9035,2019,I lost my body
9033,8228288,1,9047,2019,Platform
9034,3038708,3,9067,2019,Iron Sky: The Coming Race
9035,8655470,1,9068,2019,Specials
9036,5073642,2,9069,2019,Color Out of Space
9037,4180560,3,9080,2019,Otherhood
9038,6436726,1,9175,2019,7500
9039,9419834,1,9086,2019,Secret Obsession
9040,10308528,1,9089,2019,HELEN
9041,5814534,3,9090,2019,Spies in Disguise
9042,8108206,3,9097,2019,Saand Ki Aankh
9043,6348138,1,9099,2019,Missing Link
9044,1618434,1,9103,2019,Murder Mystery
9045,8425034,3,9109,2019,Bit
9046,8659948,3,9112,2019,Love Live! Sunshine!! The School Idol Movie: Over The Rainbow
9047,6065988,3,9115,2019,Bombshells and Dollies
9049,8236336,0,9143,2019,Report
9050,9412268,3,9371,2019,Furie
9051,2066051,3,9146,2019,Rocketman
9052,5691670,0,9149,2019,Under The Silver Lake
9053,6803046,3,9159,2019,Vast of Night
9054,2139881,3,9168,2019,Long Shot
9055,6902676,1,9189,2019,Guns Akimbo
9056,783640,1,9198,2019,Last Full Measure
9057,8206668,3,9204,2019,Bad Education
9058,8368406,3,9212,2019,Vivarium
9059,8856090,3,9214,2019,Before You Know It
9060,7902124,3,9218,2019,Ground Beneath My Feet
9061,6511932,1,9219,2019,Beach Bum
9062,9217514,3,9222,2019,Une Paire de Jumelles
9063,8230872,3,9232,2019,Body Remembers When The World Broke Open
9064,9016016,3,9244,2019,Saint Frances
9065,8019694,3,9249,2019,Frankie
9066,8932338,3,9250,2019,La Peor de Mis Bodas 2
9067,7555072,3,9258,2019,Top End Wedding
9068,9486226,3,9263,2019,hockey girls
9069,2076298,3,9264,2019,Ip Man 4: The Finale
9070,8399664,3,9273,2019,Babyteeth
9071,8758086,3,9278,2019,Mercy Black
9072,1620981,3,9279,2019,Addams Family
9073,10867768,1,9302,2019,"A Dark, Dark Man"
9074,10521814,3,9306,2019,K-12
9075,8816194,1,9309,2019,Come to Daddy
9076,10734928,0,9316,2019,Legend of Hei (Luo Xiao Hei zhan ji)
9077,8949056,3,9325,2019,"Yes, God, Yes"
9078,5822564,3,9337,2019,Kitchen
9079,6428676,3,9344,2019,Wonder Park
9080,8712750,3,9348,2019,A.M.I.
9081,9201720,1,9361,2019,A New Christmas
9082,3513548,3,9399,2019,Richard Jewell
9083,11107074,3,9409,2019,My Hero Academia: Heroes Rising
9084,7594584,3,9414,2019,Maria
9085,7329656,3,9427,2019,47 Meters Down: Uncaged
9086,5363618,1,9448,2019,Sound of Metal
9087,9000224,3,9460,2019,Assistant
9088,4364194,1,9464,2019,Peanut Butter Falcon
9089,6439020,3,9477,2019,Personal History of David Copperfield
9090,9602378,3,9479,2019,Good Kisser
9091,4693588,1,9494,2019,Fahim
9092,11334312,3,9507,2019,Final Level: Escaping Rancala
9093,8110640,1,9497,2019,In the Shadow of the Moon
9094,7985692,3,9502,2019,After the Wedding
9095,11621206,3,9512,2019,Quebramar
9096,9507276,3,9573,2019,Saga of Tanya the Evil - The Movie
9097,2283336,3,9592,2019,Men in Black: International
9098,2386490,3,9624,2019,How to Train Your Dragon: The Hidden World
9099,6259380,1,9637,2019,Code 8
9100,9522080,3,9660,2019,Papicha
9101,10011336,3,9677,2019,Lucky Grandma
9102,8856470,3,9711,2019,Pokemon: Mewtwo Strikes Back - Evolution
9103,7698468,3,9765,2019,A Call to Spy
9104,6294226,3,9788,2019,Stray
9105,1860242,1,9862,2019,Highwaymen
9106,6920356,3,9875,2019,Souvenir
9107,8892756,3,9970,2019,Performaniax
9108,7715070,3,9988,2019,Horrible Histories: The Movie - Rotten Romans
9109,6189022,1,10000,2019,Angel Has Fallen
9110,11748354,3,10003,2019,Les Parfums
9111,7280218,3,10007,2019,Carmilla
9112,6197070,3,10016,2019,Blood Machines
9113,15324860,3,10025,2019,Katharine Hepburn
9114,8022928,3,10029,2019,Decedants 3
9115,11028798,3,10061,2019,&quot;The Good Place&quot; The Funeral to End All Funerals
9116,11052808,3,10073,2019,Kim Ji-young: Born 198
9117,9288776,3,10080,2019,White Snake
9118,5360232,1,10096,2019,Cat and the Moon
9119,2948372,3,9508,2020,Soul
9120,8461042,3,8859,2020,Marijuana Conspiracy 
9121,7545266,3,8964,2020,Like a Boss
9122,8151874,0,8965,2020,Honey Boy
9123,7134096,2,8994,2020,Rhythm Section
9124,7510346,3,9003,2020,Turning
9125,7713068,3,9008,2020,Birds of Prey
9126,9737798,3,9009,2020,Platzspitzbaby
9127,11388406,3,9013,2020,Horse Girl
9128,3794354,3,9014,2020,Sonic the Hedgehog
9129,10633456,3,9017,2020,Minari
9130,10752062,2,9021,2020,Living Aims
9131,11895476,3,9031,2020,Veil
9132,7146812,3,9034,2020,Onward
9133,3907584,3,9036,2020,All the Bright Places
9134,3111426,3,9037,2020,Lost Girls
9135,9766166,3,9039,2020,Zombies 2
9136,1051906,3,9045,2020,Invisible Man
9137,9214832,3,9058,2020,Emma.
9138,1502397,2,9071,2020,Bad Boys For Life
9139,8299768,3,9079,2020,Blow the Man Down
9140,4858674,3,9085,2020,Stargirl
9141,6587640,3,9087,2020,Trolls World Tour
9142,8242084,3,9096,2020,My Spy
9143,8936646,3,9118,2020,Extraction
9144,9683478,3,9126,2020,Half of It
9145,12261880,3,9135,2020,Methodists
9146,10816484,3,9136,2020,18 Presents
9147,3152592,3,9138,2020,Scoob
9148,8430598,3,9164,2020,Shirley
9149,1552211,0,9165,2020,last days of american crime
9150,9308382,3,9172,2020,High Note
9151,8244784,3,9179,2020,Hunt
9152,7772582,3,9195,2020,Never Rarely Sometimes Always
9153,9484998,3,9197,2020,Palm Springs
9154,7556122,3,9199,2020,Old Guard
9155,6048922,0,9200,2020,Greyhound
9156,10426916,1,9201,2020,Tout simplement noir
9157,3089630,3,9208,2020,Artemis Fowl
9158,6834916,3,9224,2020,Legacy of Lies
9159,8503618,3,9225,2020,Hamilton
9160,5774060,3,9233,2020,Underwater
9161,10276470,3,9234,2020,Work It
9162,6723592,1,9252,2020,Tenet
9163,1086064,3,9255,2020,Bill and Ted Face the Music
9164,4566758,3,9265,2020,Mulan
9165,5198068,3,9367,2020,Wolfwalkers
9166,1817232,3,9271,2020,Phineas and Ferb the Movie: Candace Against the Universe
9167,11905962,0,9281,2020,Sputnik
9168,7846844,3,9283,2020,Enola Holmes
9169,4682266,3,9284,2020,New Mutants
9170,9686708,3,9285,2020,King of Staten Island
9171,10059518,3,9921,2020,Unhinged
9172,8580274,3,9295,2020,Eurovision Song Contest: The Story of Fire Saga
9173,10288566,1,9305,2020,Druk
9174,6841122,1,9310,2020,Summerland
9175,1070874,1,9313,2020,Trial of the Chicago 7
9176,4798836,3,9317,2020,Bad Hair
9177,10126434,1,9318,2020,Scare Me
9178,7488208,3,9320,2020,Over the Moon
9179,12841698,1,9335,2020,Stunt Double
9180,10530176,3,9362,2020,Call
9181,10919380,3,9341,2020,Freaky
9182,9624766,1,9342,2020,Jiu Jitsu
9183,7212754,3,9345,2020,Ludo
9184,805647,2,9347,2020,Witches
9185,11769162,1,9353,2020,Santana
9186,11681250,3,9354,2020,Godmothered
9188,983946,3,9358,2020,Fantasy Island
9189,12749596,3,9360,2020,Host
9190,9072352,3,9391,2020,Relic
9191,10161886,3,9393,2020,Prom
9192,8522006,3,9395,2020,Happiest Season
9193,9086228,3,9397,2020,Gretel and Hansel
9194,2850386,3,9402,2020,Croods: A New Age
9195,10539608,3,9403,2020,Midnight Sky
9196,7126948,3,9405,2020,Wonder Woman 1984
9197,13143964,3,9413,2020,Borat Subsequent Moviefilm
9198,7178640,3,9421,2020,Superintelligence
9199,9902160,3,9452,2020,Herself
9200,6878306,3,9449,2020,News of the World
9201,11456054,3,9444,2020,Run Hide Fight
9202,11161474,3,9438,2020,Pieces of a Woman
9203,10243992,3,9437,2020,I'm Your Woman
9204,10556022,3,9456,2020,Unpregnant
9205,11284280,3,9458,2020,Cadaver
9206,8850222,3,9461,2020,Train to Busan Presents: Peninsula
9207,10618286,1,9467,2020,Mank
9208,9820556,1,9470,2020,Breach
9209,8633478,3,9474,2020,Run
9211,9770150,3,9482,2020,Nomadland
9212,9620292,3,9483,2020,Promising Young Woman
9213,7983894,3,9490,2020,Ammonite
9214,9893250,3,9491,2020,I Care a Lot
9215,4257940,3,9492,2020,Lost Husband
9216,7703924,3,9493,2020,Infamous
9217,6475714,3,9496,2020,Monster Hunter
9218,6317656,3,9499,2020,Penguin Bloom
9219,11946300,1,9543,2020,Deep Blue Sea 3
9220,8368512,3,9606,2020,Courier
9221,10213380,3,9608,2020,Malmkrog
9222,9741310,3,9640,2020,Slaxx
9223,10441958,3,9658,2020,How to Be a Good Wife
9224,2222042,2,9661,2020,Love and Monsters
9225,13079086,1,9669,2020,From Stress to Happiness
9226,9148706,3,9716,2020,Misbehaviour
9227,10457128,1,9717,2020,Summer of 85
9228,12198524,0,9786,2020,Retreat
9229,11771622,0,9789,2020,Breath
9230,9691136,0,9835,2020,Shadow in the Cloud
9231,9866072,3,9839,2020,Holidate
9232,2222052,3,9893,2020,My Salinger Year
9233,6074542,3,10040,2020,Friend of the World
9234,9765226,2,10038,2020,one night in san diego
9235,10612922,2,9925,2020,One Night in Miami...
9236,9059760,3,9915,2020,Normal People
9237,8332922,3,9918,2020,A Quiet Place Part II
9238,9354842,3,9972,2020,To All the Boys: P.S. I Still Love You
9239,9224288,3,9987,2020,Mainstream
9240,11320192,3,10005,2020,Evil Next Door
9241,9900092,3,10010,2020,Motherland: Fort Salem
9242,9059704,1,10028,2020,An American Pickle
9243,13266132,3,10063,2020,You Will Never Be Back
9244,13152234,0,10064,2020,Iskioma
9245,11177804,2,10066,2020,Jiang Ziya: Legend of Deification
9246,7737786,3,10070,2020,Geenland
9247,4685762,3,10072,2020,Craft: Legacy
9248,9777666,2,9962,2021,Tomorrow War
9250,5144174,3,9498,2021,Dry
9251,9286908,2,9500,2021,High Ground
9252,5109280,3,9504,2021,Raya and the Last Dragon
9253,10919362,3,9505,2021,Sweetheart
9254,9784798,2,9513,2021,Judas and The Black Messiah
9255,6802400,3,9519,2021,Coming 2 America
9256,6432466,3,9526,2021,Moxie
9257,9130508,0,9571,2021,Cherry
9258,11734264,3,9574,2021,Sentinelle
9260,8521718,3,9599,2021,United States vs. Billie Holiday
9262,4761112,3,9612,2021,Mauritanian
9263,7888964,1,9633,2021,Nobody
9264,10121392,3,9635,2021,Thunder Force
9265,10483044,3,9647,2021,Cousins
9266,14091818,3,9667,2021,Ajeeb Daastaans
9267,9203694,3,9670,2021,Stowaway
9268,293429,2,9682,2021,Mortal Kombat
9269,3797512,3,9713,2021,Barb and Star Go to Vista Del Mar
9270,7979580,3,9799,2021,Mitchells vs the Machines
9271,14062858,0,9801,2021,Us Again
9272,10888594,0,9817,2021,Radhe
9273,6341832,3,9827,2021,Oxygen
9274,499097,1,9830,2021,Without Remorse
9275,3480822,3,9953,2021,Black Widow
9276,14544192,0,9954,2021,Inside
9277,3228774,3,9861,2021,Cruella
9278,12783454,3,10050,2021,Kissing Booth 3
9279,3811906,3,10048,2021,Malignant
9280,9115530,3,10047,2021,Eyes of Tammy Faye
9281,10342730,3,9882,2021,Spiral: From the Book of Saw
9282,11742798,3,10046,2021,Afterlife of the Party
9283,9844522,3,10043,2021,Escape Room: Tournament of Champions
9284,1321510,3,9889,2021,In the Heights
9285,9376612,3,10037,2021,Shang-Chi and the legend of the ten rings
9286,10155932,3,10036,2021,Cinderella
9287,6733874,3,9924,2021,America: The Motion Picture
9288,4733624,3,9913,2021,Fatherhood
9289,7069210,1,9914,2021,Conjuring: The Devil Made Me Do It
9290,5433138,3,9917,2021,F9 - The Fast Saga
9291,6566576,3,9963,2021,Fear Street: Part One - 1994
9292,12801262,1,9964,2021,Luca
9293,9701940,3,9965,2021,Fear Street: Part Two - 1978
9294,13172796,3,9967,2021,Plan B
9295,10676012,3,9971,2021,To All the Boys: Always and Forever
9296,3554046,3,9973,2021,Space Jam: A New Legacy
9297,10731768,3,10033,2021,Sweet Girl
9298,10954652,3,9983,2021,Old
9300,870154,3,9996,2021,Jungle Cruise
9301,8368408,3,9997,2021,Gunpowder Milkshake
9302,11003218,0,9998,2021,Pig
9303,10355058,1,9999,2021,Secret Agent Dingledorf and His Trusty Dog Splat
9304,3215824,1,10002,2021,Those Who Wish Me Dead
9305,6334354,3,10004,2021,The Suicide Squad
9306,9701942,3,10006,2021,Fear Street: Part Three - 1666
9307,10944760,2,10008,2021,Titane
9308,6902332,2,10009,2021,The Marksman
9309,6264654,1,10012,2021,Free Guy
9310,14039582,3,10014,2021,Drive My Car
9311,9243804,1,10015,2021,The Green Knight
9312,8231668,3,10017,2021,Good on Paper
9313,3272066,2,10018,2021,Reminiscence
9314,10307724,3,10019,2021,Madame Claude
9315,10868922,3,10023,2021,The Influencer
9316,11525644,3,10026,2021,No Sudden Move
9317,10016180,3,10027,2021,The Little Things
9318,14156262,0,10051,2021,"La Luna, Tomasico y mi abuela"
9319,1160419,2,10052,2021,Dune
9320,14843560,0,10065,2021,Hasktag Nofilter
9321,10366460,3,10076,2021,CODA
9322,2382320,2,10075,2021,No Time To Die
9323,8110232,2,10074,2021,The Many Saints of Newark
9324,9421570,1,10079,2021,The Guilty
9325,11804152,0,10083,2021,Till Death
9326,4244994,3,10085,2021,The Last Duel
9327,7097896,2,10092,2021,Venom Let there be Carnage
9328,2452150,3,10106,2021,Respect
